{
  "binary": true,
  "model": "tree",
  "features": [
    "koi_period",
    "koi_duration",
    "koi_depth",
    "koi_model_snr",
    "koi_impact",
    "koi_prad",
    "koi_teq",
    "koi_insol",
    "koi_steff",
    "koi_slogg",
    "koi_srad",
    "koi_fpflag_nt",
    "koi_fpflag_ss",
    "koi_fpflag_co",
    "koi_fpflag_ec"
  ],
  "classes": [
    "NOT",
    "PLANET"
  ],
  "scaler_mean": [
    79.35041238469923,
    5.535526811887222,
    22541.51908715994,
    252.52725346289589,
    0.6905920189837996,
    59.89417461529029,
    1069.132892124421,
    7501.19725380936,
    5705.175248180013,
    4.319275852848488,
    1.663983717929599,
    0.2217074784910655,
    0.2316346790205162,
    0.19907346128391792,
    0.1185969556585043
  ],
  "scaler_scale": [
    1500.2799381491047,
    6.165139305819414,
    78300.54111432513,
    785.338412915558,
    2.890814805784926,
    1590.4630420104324,
    827.7033299792915,
    168777.58248505535,
    775.4635396883754,
    0.4155869231723557,
    6.015073454341349,
    5.360142139495102,
    0.42187682384264225,
    0.39930341633444955,
    0.32331365230538955
  ],
  "val_accuracy": 0.9895470383275261
}